,Coder,Train_Accuracy,Val_Accuracy,Test_Accuracy,#TestData,#AllData
0,Trixy,0.900597870349884,0.8600000143051147,0.6231884057971014,69,317
