,File,Frenard_Sally_Alpha,Trixy_Sally_Alpha,Frenard_Trixy_Alpha,Overall_Alpha
0,ML13298A103.txt,,,1.0,1.0
1,ML14041A484.txt,0.11100945410186036,-0.10373572090151284,0.8846717110080546,0.6114357262103506
2,ML12027A131.txt,0.6363636363636364,1.0,0.7135278514588859,0.7904424778761062
3,ML13182A476.txt,0.6835443037974683,0.6835443037974684,1.0,0.814516129032258
4,wat_2000010.txt,1.0,1.0,1.0,1.0
5,ML071350662.txt,0.96,1.0,0.9617151607963247,0.9749303621169917
6,ML14087A338.txt,-0.04351464435146446,-0.13168724279835398,1.0,0.5729833546734955
