,File,Frenard_Sally_Alpha,Trixy_Sally_Alpha,Frenard_Trixy_Alpha,Overall_Alpha
0,ML13298A103.txt,-0.0027995520716685984,-0.0027995520716685984,1.0,0.49758094529214736
1,ML14041A484.txt,0.5555509267764325,0.5134909714268143,0.9492513630353955,0.6942624853060746
2,ML12027A131.txt,0.6761196162549971,0.8070848826516333,0.877529352405303,0.7889974174373476
3,ML13182A476.txt,0.7916764884159483,0.8417014906754818,0.9478951258295945,0.8643787954887905
4,wat_2000010.txt,1.0,1.0,1.0,1.0
5,ML071350662.txt,0.930123590927611,0.9201204426459024,0.9768575368862524,0.9427640682656827
6,ML14087A338.txt,0.5133297063583471,0.5201779757518443,1.0,0.6864098602213337
