,File,Frenard_Similarity,Trixy_Similarity,Frenard_Difference,Trixy_Difference,Frenard_Po,Trixy_Po,Frenard_Pe,Trixy_Pe,Frenard_Kp,Trixy_Kp,Frenard_Agreement,Trixy_Agreement
0,ML071350662.txt,10,11,3,3,0.7692307692307693,0.7857142857142857,0.33136094674556216,0.32653061224489793,0.6548672566371682,0.6818181818181818,Substatial,Substatial
1,ML12027A131.txt,9,10,8,6,0.5294117647058824,0.625,0.20761245674740486,0.21875,0.40611353711790393,0.52,Moderate,Moderate
2,ML13182A476.txt,12,12,9,6,0.5714285714285714,0.6666666666666666,0.38321995464852604,0.4444444444444445,0.3051470588235294,0.39999999999999986,Fair,Fair
3,ML13298A103.txt,0,0,5,5,0.0,0.0,0.24,0.24,-0.3157894736842105,-0.3157894736842105,No,No
4,ML14041A484.txt,11,8,55,63,0.16666666666666666,0.11267605633802817,0.20362718089990817,0.1985717119619123,-0.04641106947247046,-0.10717821782178218,No,No
5,ML14087A338.txt,8,4,44,72,0.15384615384615385,0.05263157894736842,0.23150887573964496,0.09314404432132964,-0.10105871029836379,-0.044673539518900345,No,No
6,wat_2000010.txt,4,4,0,0,1.0,1.0,0.625,0.625,1.0,1.0,Perfect,Perfect
